filename,label,title,creator,license,license_url,source_url,original_url,original_width,original_height,output_width,output_height,sha256
marmot/marmot_001.jpg,marmot,File:Groundhog at February's End.jpg,Ladycamera,CC BY-SA 4.0,https://creativecommons.org/licenses/by-sa/4.0,https://commons.wikimedia.org/wiki/File:Groundhog_at_February%27s_End.jpg,https://upload.wikimedia.org/wikipedia/commons/c/ca/Groundhog_at_February%27s_End.jpg?utm_source=commons.wikimedia.org&utm_campaign=imageinfo&utm_content=original,5184,3888,224,224,6044a5ac75fb8eef95bd2ec036c309cd24f5fcf9dc8b1a0cbcaaee6e65b8633c
marmot/marmot_002.jpg,marmot,"File:Marmot at Balu Pass, Glacier National Park, Canada (54881286895).jpg","Christoph Strässler from Oberdorf BL, Schweiz",CC BY-SA 4.0,https://creativecommons.org/licenses/by-sa/4.0,"https://commons.wikimedia.org/wiki/File:Marmot_at_Balu_Pass,_Glacier_National_Park,_Canada_(54881286895).jpg",https://upload.wikimedia.org/wikipedia/commons/1/11/Marmot_at_Balu_Pass%2C_Glacier_National_Park%2C_Canada_%2854881286895%29.jpg?utm_source=commons.wikimedia.org&utm_campaign=imageinfo&utm_content=original,1921,1081,224,224,ec3bd39131b52b2d5210be59f9acf4f18ab26d8a5096fd76b74efcd40326fac6
marmot/marmot_003.jpg,marmot,File:Marmota caligata 261093649 (cropped).jpg,Darren Obbard,CC BY 4.0,https://creativecommons.org/licenses/by/4.0,https://commons.wikimedia.org/wiki/File:Marmota_caligata_261093649_(cropped).jpg,https://upload.wikimedia.org/wikipedia/commons/1/12/Marmota_caligata_261093649_%28cropped%29.jpg?utm_source=commons.wikimedia.org&utm_campaign=imageinfo&utm_content=original,1465,1003,224,224,6394c30cb7639c3e04a9a8411acef708a02e33bdc33b69f1898ea8c6d7d63594
marmot/marmot_004.jpg,marmot,"File:Marmotta alpina, Marmota marmota (Linnaeus, 1758).jpg",Estebandh,CC BY-SA 4.0,https://creativecommons.org/licenses/by-sa/4.0,"https://commons.wikimedia.org/wiki/File:Marmotta_alpina,_Marmota_marmota_(Linnaeus,_1758).jpg",https://upload.wikimedia.org/wikipedia/commons/4/4a/Marmotta_alpina%2C_Marmota_marmota_%28Linnaeus%2C_1758%29.jpg?utm_source=commons.wikimedia.org&utm_campaign=imageinfo&utm_content=original,4272,2848,224,224,073a2b4822a9183c98cb3a61dfd61dc081bfa25146284edbe6707b7005fc4ba9
marmot/marmot_005.jpg,marmot,File:Hoary Marmot on Marmot Rock (7205000820).jpg,"Forest Service Northern Region from Missoula, MT, USA",Public domain,,https://commons.wikimedia.org/wiki/File:Hoary_Marmot_on_Marmot_Rock_(7205000820).jpg,https://upload.wikimedia.org/wikipedia/commons/a/a4/Hoary_Marmot_on_Marmot_Rock_%287205000820%29.jpg?utm_source=commons.wikimedia.org&utm_campaign=imageinfo&utm_content=original,640,480,224,224,5bee8d43a807473bf6379f0621940307c215c0ccb34779b229521c280edc796a
marmot/marmot_006.jpg,marmot,File:Hoary marmot lying in grass - DPLA - fdd899e458c6fdd42b9f7f1f8d125eeb.jpg,"Garst, Warren, 1922-2016, photographer",CC BY-SA 4.0,https://creativecommons.org/licenses/by-sa/4.0,https://commons.wikimedia.org/wiki/File:Hoary_marmot_lying_in_grass_-_DPLA_-_fdd899e458c6fdd42b9f7f1f8d125eeb.jpg,https://upload.wikimedia.org/wikipedia/commons/4/41/Hoary_marmot_lying_in_grass_-_DPLA_-_fdd899e458c6fdd42b9f7f1f8d125eeb.jpg?utm_source=commons.wikimedia.org&utm_campaign=imageinfo&utm_content=original,1590,1048,224,224,fca18a5415bf4d12e8b38fd69ab807ebeb50b81f2b91ea55896452a8e96a5d00
marmot/marmot_007.jpg,marmot,"File:Hoary marmot, Marmota caligata - Flickr - GregTheBusker (1).jpg","Greg Schechter from San Francisco, USA",CC BY 2.0,https://creativecommons.org/licenses/by/2.0,"https://commons.wikimedia.org/wiki/File:Hoary_marmot,_Marmota_caligata_-_Flickr_-_GregTheBusker_(1).jpg",https://upload.wikimedia.org/wikipedia/commons/a/a6/Hoary_marmot%2C_Marmota_caligata_-_Flickr_-_GregTheBusker_%281%29.jpg?utm_source=commons.wikimedia.org&utm_campaign=imageinfo&utm_content=original,3072,2304,224,224,c182fe77dff5c29d39c3fcc8d8e290dc6a5041f0f6fc723508642e1845cc4918
marmot/marmot_008.jpg,marmot,File:Hoary Marmot (Marmota caligata) in Logan Pass - Flickr - Jay Sturner.jpg,Jay Sturner from USA,CC BY 2.0,https://creativecommons.org/licenses/by/2.0,https://commons.wikimedia.org/wiki/File:Hoary_Marmot_(Marmota_caligata)_in_Logan_Pass_-_Flickr_-_Jay_Sturner.jpg,https://upload.wikimedia.org/wikipedia/commons/3/3f/Hoary_Marmot_%28Marmota_caligata%29_in_Logan_Pass_-_Flickr_-_Jay_Sturner.jpg?utm_source=commons.wikimedia.org&utm_campaign=imageinfo&utm_content=original,700,634,224,224,065c0b5335c58d448b8ea9f96c4ac3a470adecb8ba37665540f148f273a1aea9
marmot/marmot_009.jpg,marmot,File:Marmotte au Col d'Anterne.jpg,Laurent Vriez,CC BY-SA 4.0,https://creativecommons.org/licenses/by-sa/4.0,https://commons.wikimedia.org/wiki/File:Marmotte_au_Col_d%27Anterne.jpg,https://upload.wikimedia.org/wikipedia/commons/f/fe/Marmotte_au_Col_d%27Anterne.jpg?utm_source=commons.wikimedia.org&utm_campaign=imageinfo&utm_content=original,578,426,224,224,6417ca306692ccb98114b9c00a83e161e8cb331fd3fb4b060db4c72408c18b8c
marmot/marmot_010.jpg,marmot,File:Photo Marmotte.jpg,Lorapel,CC BY-SA 4.0,https://creativecommons.org/licenses/by-sa/4.0,https://commons.wikimedia.org/wiki/File:Photo_Marmotte.jpg,https://upload.wikimedia.org/wikipedia/commons/9/9f/Photo_Marmotte.jpg?utm_source=commons.wikimedia.org&utm_campaign=imageinfo&utm_content=original,1128,2048,224,224,512313032da3f6aaa342e644237033d15c0e22dac39a5add32266ed87e9750ea
marmot/marmot_011.jpg,marmot,File:Hoary marmot - 29623875908.jpg,Mount Rainier NPS,CC BY 2.0,https://creativecommons.org/licenses/by/2.0,https://commons.wikimedia.org/wiki/File:Hoary_marmot_-_29623875908.jpg,https://upload.wikimedia.org/wikipedia/commons/8/8d/Hoary_marmot_-_29623875908.jpg?utm_source=commons.wikimedia.org&utm_campaign=imageinfo&utm_content=original,3071,4424,224,224,7addba04ea588aab3bd88e38d2e0e0c5758ac891e3fc00ffb540ac3e6bb6fcf1
marmot/marmot_012.jpg,marmot,File:Hoary Marmot Juveline (2) - Marmota caligata (21459314056).jpg,"National Park Service, Alaska Region",Public domain,,https://commons.wikimedia.org/wiki/File:Hoary_Marmot_Juveline_(2)_-_Marmota_caligata_(21459314056).jpg,https://upload.wikimedia.org/wikipedia/commons/e/e3/Hoary_Marmot_Juveline_%282%29_-_Marmota_caligata_%2821459314056%29.jpg?utm_source=commons.wikimedia.org&utm_campaign=imageinfo&utm_content=original,4805,3203,224,224,a47ab5db832075150c6be7fd48766c3a6b734cef2df02967956333319d2244e7
marmot/marmot_013.jpg,marmot,"File:Unidentified Marmota, Kazakhstan (8602705895).jpg","Ron Knight from Seaford, East Sussex, United Kingdom",CC BY 2.0,https://creativecommons.org/licenses/by/2.0,"https://commons.wikimedia.org/wiki/File:Unidentified_Marmota,_Kazakhstan_(8602705895).jpg",https://upload.wikimedia.org/wikipedia/commons/2/25/Unidentified_Marmota%2C_Kazakhstan_%288602705895%29.jpg?utm_source=commons.wikimedia.org&utm_campaign=imageinfo&utm_content=original,5184,3456,224,224,66cb8d89a1551c4272315ee0447e781d0f47ed6b4fc2b25ca364870bb86ce9c6
marmot/marmot_014.jpg,marmot,File:Hoary marmot on Whistler Mountain (29684108315).jpg,"Ruth Hartnup from Vancouver, Canada",CC BY 2.0,https://creativecommons.org/licenses/by/2.0,https://commons.wikimedia.org/wiki/File:Hoary_marmot_on_Whistler_Mountain_(29684108315).jpg,https://upload.wikimedia.org/wikipedia/commons/2/22/Hoary_marmot_on_Whistler_Mountain_%2829684108315%29.jpg?utm_source=commons.wikimedia.org&utm_campaign=imageinfo&utm_content=original,1435,1025,224,224,772fbaceec01c40d751d98abcd1818c963e6de230b238f08c439adbf311b420c
marmot/marmot_015.jpg,marmot,File:Contemplating hoary marmot.jpg,Sovernigo,CC BY-SA 4.0,https://creativecommons.org/licenses/by-sa/4.0,https://commons.wikimedia.org/wiki/File:Contemplating_hoary_marmot.jpg,https://upload.wikimedia.org/wikipedia/commons/c/c9/Contemplating_hoary_marmot.jpg?utm_source=commons.wikimedia.org&utm_campaign=imageinfo&utm_content=original,5363,3572,224,224,52eee2ec2066ce99771ce821fcfb194ccf05c218ca0c8d5b4fd4f4bd921597a3
marmot/marmot_016.jpg,marmot,File:Hoarymarmot tight.jpg,The original uploader was Circeus at English Wikipedia .,CC BY-SA 3.0,http://creativecommons.org/licenses/by-sa/3.0/,https://commons.wikimedia.org/wiki/File:Hoarymarmot_tight.jpg,https://upload.wikimedia.org/wikipedia/commons/2/25/Hoarymarmot_tight.jpg?utm_source=commons.wikimedia.org&utm_campaign=imageinfo&utm_content=original,861,772,224,224,a226826ba90ffc7718882d68079b88068a09fedfc322795df1e7579f97e1d648
marmot/marmot_017.jpg,marmot,File:Photo Marmot 1949 - Touring Club Italiano 2 5042.jpg,Unknown author Unknown author,CC BY-SA 4.0,https://creativecommons.org/licenses/by-sa/4.0,https://commons.wikimedia.org/wiki/File:Photo_Marmot_1949_-_Touring_Club_Italiano_2_5042.jpg,https://upload.wikimedia.org/wikipedia/commons/0/01/Photo_Marmot_1949_-_Touring_Club_Italiano_2_5042.jpg?utm_source=commons.wikimedia.org&utm_campaign=imageinfo&utm_content=original,2012,1449,224,224,20cfe20e7fdb07c6125c198235fe3952f3564ea550ce1eaeff409c72991e5f5b
marmot/marmot_018.jpg,marmot,File:Hoary Marmot.jpeg,User:BlindGoofy,CC BY-SA 3.0,https://creativecommons.org/licenses/by-sa/3.0,https://commons.wikimedia.org/wiki/File:Hoary_Marmot.jpeg,https://upload.wikimedia.org/wikipedia/commons/a/ae/Hoary_Marmot.jpeg?utm_source=commons.wikimedia.org&utm_campaign=imageinfo&utm_content=original,3011,2258,224,224,66dfb6dfde0256e6db77da72fb4fc9a163d1c3f49cdb087068b679b3c6cf5ca9
marmot/marmot_019.jpg,marmot,File:Hoarymarmot.JPG,Yalbik at English Wikipedia,CC BY-SA 3.0,http://creativecommons.org/licenses/by-sa/3.0/,https://commons.wikimedia.org/wiki/File:Hoarymarmot.JPG,https://upload.wikimedia.org/wikipedia/commons/f/ff/Hoarymarmot.JPG?utm_source=commons.wikimedia.org&utm_campaign=imageinfo&utm_content=original,2064,1568,224,224,958285b091adc8e5d8c8d09b011ce32742792759df4093378084cc0f115dc945
marmot/marmot_020.jpg,marmot,File:Can you spot the Marmot - Flickr - brewbooks.jpg,"brewbooks from near Seattle, USA",CC BY-SA 2.0,https://creativecommons.org/licenses/by-sa/2.0,https://commons.wikimedia.org/wiki/File:Can_you_spot_the_Marmot_-_Flickr_-_brewbooks.jpg,https://upload.wikimedia.org/wikipedia/commons/d/d9/Can_you_spot_the_Marmot_-_Flickr_-_brewbooks.jpg?utm_source=commons.wikimedia.org&utm_campaign=imageinfo&utm_content=original,3993,3149,224,224,e36e3458d0e876ff35e56141d37bc274e1b8ca3f0a04ccf6777a335de584a91f
marmot/marmot_021.jpg,marmot,File:Bobak marmot - panoramio.jpg,Лерыч,CC BY 3.0,https://creativecommons.org/licenses/by/3.0,https://commons.wikimedia.org/wiki/File:Bobak_marmot_-_panoramio.jpg,https://upload.wikimedia.org/wikipedia/commons/d/d3/Bobak_marmot_-_panoramio.jpg?utm_source=commons.wikimedia.org&utm_campaign=imageinfo&utm_content=original,1021,1418,224,224,45c83985ec106ecc0a931530cdd9ab0dfa993d42576c197aabd5f3f15a61cf34
marmot/marmot_022.jpg,marmot,File:Hoary marmot on a stone wall.jpg,Animalsniper420,CC BY-SA 4.0,https://creativecommons.org/licenses/by-sa/4.0,https://commons.wikimedia.org/wiki/File:Hoary_marmot_on_a_stone_wall.jpg,https://upload.wikimedia.org/wikipedia/commons/9/93/Hoary_marmot_on_a_stone_wall.jpg?utm_source=commons.wikimedia.org&utm_campaign=imageinfo&utm_content=original,4405,4446,224,224,ef59244855b656e367a731218d1dc5dc94d7c755f9c0cdc41613784f1f9286fa
marmot/marmot_023.jpg,marmot,File:Marmota caligata.jpg,Cecil Sanders,CC BY 2.0,https://creativecommons.org/licenses/by/2.0,https://commons.wikimedia.org/wiki/File:Marmota_caligata.jpg,https://upload.wikimedia.org/wikipedia/commons/d/dc/Marmota_caligata.jpg?utm_source=commons.wikimedia.org&utm_campaign=imageinfo&utm_content=original,640,494,224,224,ff3734fce0c5af152453122ee411e3d931ac3031b5a3aeb2b9c2eca653c25a66
marmot/marmot_024.jpg,marmot,File:Marmot day.jpg,Colin Canterbury/USFWS,Public domain,,https://commons.wikimedia.org/wiki/File:Marmot_day.jpg,https://upload.wikimedia.org/wikipedia/commons/1/1a/Marmot_day.jpg?utm_source=commons.wikimedia.org&utm_campaign=imageinfo&utm_content=original,816,604,224,224,086b9fa5d657227dafaad96d9bedd4521c4fdd28d9e6f94f870f4b600515640e
marmot/marmot_025.jpg,marmot,File:Marmota BirdPark.jpg,DILIN,CC BY-SA 4.0,https://creativecommons.org/licenses/by-sa/4.0,https://commons.wikimedia.org/wiki/File:Marmota_BirdPark.jpg,https://upload.wikimedia.org/wikipedia/commons/6/6a/Marmota_BirdPark.jpg?utm_source=commons.wikimedia.org&utm_campaign=imageinfo&utm_content=original,3806,2537,224,224,ffac9c2aa6fe5bed9e55998665a581146784825894654a7f648f8a37a0886029
marmot/marmot_026.jpg,marmot,File:GNP - Marmot.jpg,Daryl Benson,CC BY 3.0,https://creativecommons.org/licenses/by/3.0,https://commons.wikimedia.org/wiki/File:GNP_-_Marmot.jpg,https://upload.wikimedia.org/wikipedia/commons/8/86/GNP_-_Marmot.jpg?utm_source=commons.wikimedia.org&utm_campaign=imageinfo&utm_content=original,1555,1037,224,224,20867b4749163d25b71691d36f38f9fe9647f82f9b7554b46e66df39a1c38bc5
marmot/marmot_027.jpg,marmot,File:Hoary marmot in Mount Robson Provincial Park.jpg,Florin Chelaru,CC BY 2.0,https://creativecommons.org/licenses/by/2.0,https://commons.wikimedia.org/wiki/File:Hoary_marmot_in_Mount_Robson_Provincial_Park.jpg,https://upload.wikimedia.org/wikipedia/commons/8/89/Hoary_marmot_in_Mount_Robson_Provincial_Park.jpg?utm_source=commons.wikimedia.org&utm_campaign=imageinfo&utm_content=original,3888,2592,224,224,242e7cb2c3153b9d5ef2b27e351d1c4ba9b5e259d58b0041efb6812eeab6f4f0
marmot/marmot_028.jpg,marmot,File:Marmots in the Alps.jpg,FrogsLegs71,CC BY-SA 3.0,https://creativecommons.org/licenses/by-sa/3.0,https://commons.wikimedia.org/wiki/File:Marmots_in_the_Alps.jpg,https://upload.wikimedia.org/wikipedia/commons/c/c0/Marmots_in_the_Alps.jpg?utm_source=commons.wikimedia.org&utm_campaign=imageinfo&utm_content=original,1600,1200,224,224,df51b81124504748b887a632e7647dbad8ccbcf6527d08f9c6e1868145310f2b
marmot/marmot_029.jpg,marmot,File:Marmotte @ Désert de Platé (51417589674).jpg,"Guilhem Vellut from Annecy, France",CC BY 2.0,https://creativecommons.org/licenses/by/2.0,https://commons.wikimedia.org/wiki/File:Marmotte_@_D%C3%A9sert_de_Plat%C3%A9_(51417589674).jpg,https://upload.wikimedia.org/wikipedia/commons/8/80/Marmotte_%40_D%C3%A9sert_de_Plat%C3%A9_%2851417589674%29.jpg?utm_source=commons.wikimedia.org&utm_campaign=imageinfo&utm_content=original,5472,3648,224,224,1f3937e8783f8f10917ccc16ec92d059fa7d8d6b7750c8282a71d3e71f35897b
marmot/marmot_030.jpg,marmot,File:Marmotte La Salette.jpg,Hubert Beb,CC BY 4.0,https://creativecommons.org/licenses/by/4.0,https://commons.wikimedia.org/wiki/File:Marmotte_La_Salette.jpg,https://upload.wikimedia.org/wikipedia/commons/8/87/Marmotte_La_Salette.jpg?utm_source=commons.wikimedia.org&utm_campaign=imageinfo&utm_content=original,4608,3456,224,224,1a62cadd8a874bf25135edd9ad58afaed5583d21db9e398944778890b6e7ec9f
marmot/marmot_031.jpg,marmot,File:Marmot peeking out of the grass in the french Alps.jpg,Johannes Werner,CC BY-SA 4.0,https://creativecommons.org/licenses/by-sa/4.0,https://commons.wikimedia.org/wiki/File:Marmot_peeking_out_of_the_grass_in_the_french_Alps.jpg,https://upload.wikimedia.org/wikipedia/commons/9/9c/Marmot_peeking_out_of_the_grass_in_the_french_Alps.jpg?utm_source=commons.wikimedia.org&utm_campaign=imageinfo&utm_content=original,5472,3648,224,224,3ea7855f864c91338fadedd8f6c444b981c02f7c965ad188d3e604858b9a66c4
marmot/marmot_032.jpg,marmot,File:Hoary Marmot (7174688527).jpg,Kevin Wood,CC BY-SA 2.0,https://creativecommons.org/licenses/by-sa/2.0,https://commons.wikimedia.org/wiki/File:Hoary_Marmot_(7174688527).jpg,https://upload.wikimedia.org/wikipedia/commons/f/fe/Hoary_Marmot_%287174688527%29.jpg?utm_source=commons.wikimedia.org&utm_campaign=imageinfo&utm_content=original,2811,2155,224,224,5439ced6658cce562e9d1a9569d253a08bfdfbbddac7f0866a12cd7ba430b1c2
marmot/marmot_033.jpg,marmot,"File:Hoary marmot along Crater Lake Trail, Hudson Bay Mountain.jpg",Murray Foubister,CC BY-SA 2.0,https://creativecommons.org/licenses/by-sa/2.0,"https://commons.wikimedia.org/wiki/File:Hoary_marmot_along_Crater_Lake_Trail,_Hudson_Bay_Mountain.jpg",https://upload.wikimedia.org/wikipedia/commons/f/f7/Hoary_marmot_along_Crater_Lake_Trail%2C_Hudson_Bay_Mountain.jpg?utm_source=commons.wikimedia.org&utm_campaign=imageinfo&utm_content=original,5253,3502,224,224,7494cd586df6e2db5e94f1588027a80b2987b22bd2a32d9edf7d2b8652b43a3c
marmot/marmot_034.jpg,marmot,File:Marmot (48496997162).jpg,NPS Natural Resources,Public domain,,https://commons.wikimedia.org/wiki/File:Marmot_(48496997162).jpg,https://upload.wikimedia.org/wikipedia/commons/8/8b/Marmot_%2848496997162%29.jpg?utm_source=commons.wikimedia.org&utm_campaign=imageinfo&utm_content=original,4458,2257,224,224,2e8d8e4bda300e33a6fccd9624548f39af315c20f9eddf564f585b8b4bc56fe7
marmot/marmot_035.jpg,marmot,File:Hoary marmot Mount Adams (Washington).JPG,Ned Putnam,CC BY-SA 4.0,https://creativecommons.org/licenses/by-sa/4.0,https://commons.wikimedia.org/wiki/File:Hoary_marmot_Mount_Adams_(Washington).JPG,https://upload.wikimedia.org/wikipedia/commons/a/a9/Hoary_marmot_Mount_Adams_%28Washington%29.JPG?utm_source=commons.wikimedia.org&utm_campaign=imageinfo&utm_content=original,2592,1944,224,224,acb6733e403e90cb7e5cf333e0dcccbec7458e76d94199c152abf1b47dd7de0c
marmot/marmot_036.jpg,marmot,File:Marmotte Marmota aDSC 3965 (52168277041).jpg,Pierre-Marie Epiney,CC BY-SA 2.0,https://creativecommons.org/licenses/by-sa/2.0,https://commons.wikimedia.org/wiki/File:Marmotte_Marmota_aDSC_3965_(52168277041).jpg,https://upload.wikimedia.org/wikipedia/commons/7/71/Marmotte_Marmota_aDSC_3965_%2852168277041%29.jpg?utm_source=commons.wikimedia.org&utm_campaign=imageinfo&utm_content=original,3000,2000,224,224,4936ce88142953a845264ff676891a881a21c1083474848acf30db3cf057facf
marmot/marmot_037.jpg,marmot,File:Marmot Lake Louise.jpg,QuinnHK ( talk · contribs ),CC BY 2.5,https://creativecommons.org/licenses/by/2.5,https://commons.wikimedia.org/wiki/File:Marmot_Lake_Louise.jpg,https://upload.wikimedia.org/wikipedia/commons/9/9e/Marmot_Lake_Louise.jpg?utm_source=commons.wikimedia.org&utm_campaign=imageinfo&utm_content=original,800,600,224,224,4a98e2721cedab977fea57a730706bae449ddfe5d5b59a12645131dbf755ae14
marmot/marmot_038.jpg,marmot,File:Marmota bobak among the Don steppe.png,Riwnodennyk,CC BY-SA 3.0,https://creativecommons.org/licenses/by-sa/3.0,https://commons.wikimedia.org/wiki/File:Marmota_bobak_among_the_Don_steppe.png,https://upload.wikimedia.org/wikipedia/commons/c/c7/Marmota_bobak_among_the_Don_steppe.png?utm_source=commons.wikimedia.org&utm_campaign=imageinfo&utm_content=original,639,462,224,224,48969225c74f9084849123b2cddc42a6f0f3d2a414fc1c5f863f7d6370921e02
marmot/marmot_039.jpg,marmot,File:Hoary marmot2.jpg,Ryan Moulton ( talk · contribs ),CC BY-SA 2.5,https://creativecommons.org/licenses/by-sa/2.5,https://commons.wikimedia.org/wiki/File:Hoary_marmot2.jpg,https://upload.wikimedia.org/wikipedia/commons/8/8b/Hoary_marmot2.jpg?utm_source=commons.wikimedia.org&utm_campaign=imageinfo&utm_content=original,1489,1389,224,224,9123efad652d373dd18d061290f674fd6c8ee3a94c515ea645c55ec76e071d42
marmot/marmot_040.jpg,marmot,"File:Marmota bobak - (Kazakhstan, Ukraine, Russia) - Rochers-de-Naye, Switzerland, 2009.jpg",Stéphane Magnenat,CC BY-SA 3.0,https://creativecommons.org/licenses/by-sa/3.0,"https://commons.wikimedia.org/wiki/File:Marmota_bobak_-_(Kazakhstan,_Ukraine,_Russia)_-_Rochers-de-Naye,_Switzerland,_2009.jpg",https://upload.wikimedia.org/wikipedia/commons/b/b7/Marmota_bobak_-_%28Kazakhstan%2C_Ukraine%2C_Russia%29_-_Rochers-de-Naye%2C_Switzerland%2C_2009.jpg?utm_source=commons.wikimedia.org&utm_campaign=imageinfo&utm_content=original,4272,2848,224,224,ff0dfd7dd5df09c4f9f081be6f817b1b168a42599dc14b11594dbb3407386ee8
marmot/marmot_041.jpg,marmot,File:Cute Marmots.jpg,Sudeepsupasu,CC BY-SA 4.0,https://creativecommons.org/licenses/by-sa/4.0,https://commons.wikimedia.org/wiki/File:Cute_Marmots.jpg,https://upload.wikimedia.org/wikipedia/commons/c/c3/Cute_Marmots.jpg?utm_source=commons.wikimedia.org&utm_campaign=imageinfo&utm_content=original,6250,4167,224,224,8bae400c86b8f1a7c1e39bac29eb4f1042fc09b9847050b32e721f89877e16fb
marmot/marmot_042.jpg,marmot,File:Alaskan Marmot.jpg,Thomas Broxton Jr,CC BY 2.0,https://creativecommons.org/licenses/by/2.0,https://commons.wikimedia.org/wiki/File:Alaskan_Marmot.jpg,https://upload.wikimedia.org/wikipedia/commons/5/5b/Alaskan_Marmot.jpg?utm_source=commons.wikimedia.org&utm_campaign=imageinfo&utm_content=original,901,998,224,224,885680d118c1b1ad7c2931fbc3503387447854156a9770ec74a7585e5bb7c835
marmot/marmot_043.jpg,marmot,File:Marmot looking straight.jpg,besopha,CC BY 2.0,https://creativecommons.org/licenses/by/2.0,https://commons.wikimedia.org/wiki/File:Marmot_looking_straight.jpg,https://upload.wikimedia.org/wikipedia/commons/6/68/Marmot_looking_straight.jpg?utm_source=commons.wikimedia.org&utm_campaign=imageinfo&utm_content=original,4000,2667,224,224,2096bed74fbc85659b830dbcb1fb08bd7e98cfdafe1af965026f4d489aeea30e
marmot/marmot_044.jpg,marmot,File:Hoary marmot.jpg,de:Benutzer:Hase,CC BY-SA 2.5,https://creativecommons.org/licenses/by-sa/2.5,https://commons.wikimedia.org/wiki/File:Hoary_marmot.jpg,https://upload.wikimedia.org/wikipedia/commons/d/d4/Hoary_marmot.jpg?utm_source=commons.wikimedia.org&utm_campaign=imageinfo&utm_content=original,1024,768,224,224,9fcb288076a22298bee1641c3e9eeec13b369a6e7e20d7a6e2abcf8bd94d6783
marmot/marmot_045.jpg,marmot,File:Marmota-Vascouverensis.jpg,https://www.mundoecologia.com.br/author/rafael/,CC BY-SA 4.0,https://creativecommons.org/licenses/by-sa/4.0,https://commons.wikimedia.org/wiki/File:Marmota-Vascouverensis.jpg,https://upload.wikimedia.org/wikipedia/commons/5/50/Marmota-Vascouverensis.jpg?utm_source=commons.wikimedia.org&utm_campaign=imageinfo&utm_content=original,725,543,224,224,a4c7b935dfd520581209c028de25809e86fa464da4fb5dd0fb0cf674c56e167b
marmot/marmot_046.jpg,marmot,File:Сурок.jpg,Abakhanr,CC BY-SA 4.0,https://creativecommons.org/licenses/by-sa/4.0,https://commons.wikimedia.org/wiki/File:%D0%A1%D1%83%D1%80%D0%BE%D0%BA.jpg,https://upload.wikimedia.org/wikipedia/commons/6/63/%D0%A1%D1%83%D1%80%D0%BE%D0%BA.jpg?utm_source=commons.wikimedia.org&utm_campaign=imageinfo&utm_content=original,3888,2592,224,224,a0825917117eb978d38638fcc2f059233d9701216514c16c10042b0b1144fd96
marmot/marmot_047.jpg,marmot,File:Kirghizstan 15.jpg,Abujoy,CC BY 4.0,https://creativecommons.org/licenses/by/4.0,https://commons.wikimedia.org/wiki/File:Kirghizstan_15.jpg,https://upload.wikimedia.org/wikipedia/commons/1/10/Kirghizstan_15.jpg?utm_source=commons.wikimedia.org&utm_campaign=imageinfo&utm_content=original,2000,1330,224,224,43eafb9d85618c6d1e149e51ca4c6ece76cb14df29ccd4ef21033ab6d68dddf6
marmot/marmot_048.jpg,marmot,File:Бабак степовий 9.jpg,Annette velichko,CC BY-SA 4.0,https://creativecommons.org/licenses/by-sa/4.0,https://commons.wikimedia.org/wiki/File:%D0%91%D0%B0%D0%B1%D0%B0%D0%BA_%D1%81%D1%82%D0%B5%D0%BF%D0%BE%D0%B2%D0%B8%D0%B9_9.jpg,https://upload.wikimedia.org/wikipedia/commons/0/08/%D0%91%D0%B0%D0%B1%D0%B0%D0%BA_%D1%81%D1%82%D0%B5%D0%BF%D0%BE%D0%B2%D0%B8%D0%B9_9.jpg?utm_source=commons.wikimedia.org&utm_campaign=imageinfo&utm_content=original,3648,2736,224,224,12d03347acb039e294a577b166b1c242835c86dbaa5039dae84e3a45ec40029f
marmot/marmot_049.jpg,marmot,"File:Казахстан, Алматы, Иле-Алатауский нацпарк, серый сурок на Лунной поляне (1).jpg",ElenaLitera,CC BY-SA 4.0,https://creativecommons.org/licenses/by-sa/4.0,"https://commons.wikimedia.org/wiki/File:%D0%9A%D0%B0%D0%B7%D0%B0%D1%85%D1%81%D1%82%D0%B0%D0%BD,_%D0%90%D0%BB%D0%BC%D0%B0%D1%82%D1%8B,_%D0%98%D0%BB%D0%B5-%D0%90%D0%BB%D0%B0%D1%82%D0%B0%D1%83%D1%81%D0%BA%D0%B8%D0%B9_%D0%BD%D0%B0%D1%86%D0%BF%D0%B0%D1%80%D0%BA,_%D1%81%D0%B5%D1%80%D1%8B%D0%B9_%D1%81%D1%83%D1%80%D0%BE%D0%BA_%D0%BD%D0%B0_%D0%9B%D1%83%D0%BD%D0%BD%D0%BE%D0%B9_%D0%BF%D0%BE%D0%BB%D1%8F%D0%BD%D0%B5_(1).jpg",https://upload.wikimedia.org/wikipedia/commons/4/4b/%D0%9A%D0%B0%D0%B7%D0%B0%D1%85%D1%81%D1%82%D0%B0%D0%BD%2C_%D0%90%D0%BB%D0%BC%D0%B0%D1%82%D1%8B%2C_%D0%98%D0%BB%D0%B5-%D0%90%D0%BB%D0%B0%D1%82%D0%B0%D1%83%D1%81%D0%BA%D0%B8%D0%B9_%D0%BD%D0%B0%D1%86%D0%BF%D0%B0%D1%80%D0%BA%2C_%D1%81%D0%B5%D1%80%D1%8B%D0%B9_%D1%81%D1%83%D1%80%D0%BE%D0%BA_%D0%BD%D0%B0_%D0%9B%D1%83%D0%BD%D0%BD%D0%BE%D0%B9_%D0%BF%D0%BE%D0%BB%D1%8F%D0%BD%D0%B5_%281%29.jpg?utm_source=commons.wikimedia.org&utm_campaign=imageinfo&utm_content=original,3059,2039,224,224,68b2ce2be71a3c9615037d5344708e7c4d262b2bc148a6d64ccb1dd5a71f9b05
marmot/marmot_050.jpg,marmot,File:Rocky hills in Ugom Chatkal State National Natural Park View 18.jpg,Humoyun Mehridinov,CC BY-SA 4.0,https://creativecommons.org/licenses/by-sa/4.0,https://commons.wikimedia.org/wiki/File:Rocky_hills_in_Ugom_Chatkal_State_National_Natural_Park_View_18.jpg,https://upload.wikimedia.org/wikipedia/commons/9/95/Rocky_hills_in_Ugom_Chatkal_State_National_Natural_Park_View_18.jpg?utm_source=commons.wikimedia.org&utm_campaign=imageinfo&utm_content=original,6000,4000,224,224,344793b3549eed493544ac955c71e56dd448202ec32c86577aaf61a9e00a2251
beaver/beaver_001.jpg,beaver,File:Beaver (29916261218).jpg,"Becky Matsubara from El Sobrante, California",CC BY 2.0,https://creativecommons.org/licenses/by/2.0,https://commons.wikimedia.org/wiki/File:Beaver_(29916261218).jpg,https://upload.wikimedia.org/wikipedia/commons/1/13/Beaver_%2829916261218%29.jpg?utm_source=commons.wikimedia.org&utm_campaign=imageinfo&utm_content=original,4160,2773,224,224,80ad6b2ef716f959b7160d5fffc8b7f338349f4de4779b7bb103819093ee7f89
beaver/beaver_002.jpg,beaver,File:Angry Beaver (Castor canadensis) (5619253862).jpg,Benjamin Smith from United States,CC BY 2.0,https://creativecommons.org/licenses/by/2.0,https://commons.wikimedia.org/wiki/File:Angry_Beaver_(Castor_canadensis)_(5619253862).jpg,https://upload.wikimedia.org/wikipedia/commons/1/19/Angry_Beaver_%28Castor_canadensis%29_%285619253862%29.jpg?utm_source=commons.wikimedia.org&utm_campaign=imageinfo&utm_content=original,2523,1682,224,224,428b312eb383b1a019d9b5526a5a3ee433f5dea1055594b30927146ec345ec1d
beaver/beaver_003.jpg,beaver,File:Beaver 2018-04-30 10-05-58 (40008280730).jpg,"Boris Kasimov from Toronto, Canada",CC BY 2.0,https://creativecommons.org/licenses/by/2.0,https://commons.wikimedia.org/wiki/File:Beaver_2018-04-30_10-05-58_(40008280730).jpg,https://upload.wikimedia.org/wikipedia/commons/9/92/Beaver_2018-04-30_10-05-58_%2840008280730%29.jpg?utm_source=commons.wikimedia.org&utm_campaign=imageinfo&utm_content=original,4032,2268,224,224,c701ab74cac2fe116b6d1cc0b5c84e64a8c4c8f2733e86d4bf0f0aabdbf1501b
beaver/beaver_004.jpg,beaver,File:Beaver in the Buttercups.jpg,Charlie Marshall,CC BY 2.0,https://creativecommons.org/licenses/by/2.0,https://commons.wikimedia.org/wiki/File:Beaver_in_the_Buttercups.jpg,https://upload.wikimedia.org/wikipedia/commons/2/2c/Beaver_in_the_Buttercups.jpg?utm_source=commons.wikimedia.org&utm_campaign=imageinfo&utm_content=original,4472,3073,224,224,8a8f3951757219be6f2090b8aa5b10ec4cc0b15b7a163071c5ab869c43a1866a
beaver/beaver_005.jpg,beaver,"File:2012, Winnemucca Nevada, A Humboldt River Beaver - panoramio.jpg",Chris English,CC BY-SA 3.0,https://creativecommons.org/licenses/by-sa/3.0,"https://commons.wikimedia.org/wiki/File:2012,_Winnemucca_Nevada,_A_Humboldt_River_Beaver_-_panoramio.jpg",https://upload.wikimedia.org/wikipedia/commons/9/9f/2012%2C_Winnemucca_Nevada%2C_A_Humboldt_River_Beaver_-_panoramio.jpg?utm_source=commons.wikimedia.org&utm_campaign=imageinfo&utm_content=original,4320,2880,224,224,2a51c2303308b797e5d5a45a314ecc4fb50be039f9b3d70eca90089ddbcd3be6
beaver/beaver_006.jpg,beaver,File:Beaver - DPLA - a3a956e1ab34c84fb2802c5ba5c3502f.jpg,Department of the Interior. U.S. Fish and Wildlife Service. National Conservation Training Center. 10/1997-8888,Public domain,,https://commons.wikimedia.org/wiki/File:Beaver_-_DPLA_-_a3a956e1ab34c84fb2802c5ba5c3502f.jpg,https://upload.wikimedia.org/wikipedia/commons/7/71/Beaver_-_DPLA_-_a3a956e1ab34c84fb2802c5ba5c3502f.jpg?utm_source=commons.wikimedia.org&utm_campaign=imageinfo&utm_content=original,2063,1373,224,224,90b537a128c17c50a9eb56c63e696d285128233e46c546f2f816835fef488418
beaver/beaver_007.jpg,beaver,File:An old beaver at Burnaby Lake.JPG,Flying Penguin at English Wikipedia,CC BY-SA 3.0,http://creativecommons.org/licenses/by-sa/3.0/,https://commons.wikimedia.org/wiki/File:An_old_beaver_at_Burnaby_Lake.JPG,https://upload.wikimedia.org/wikipedia/commons/a/a7/An_old_beaver_at_Burnaby_Lake.JPG?utm_source=commons.wikimedia.org&utm_campaign=imageinfo&utm_content=original,800,567,224,224,5e8a3eb9639f0371564be8f7e3e794f8a14efd55d3a7b54d49a4901d6e47ba3f
beaver/beaver_008.jpg,beaver,File:Beaver (43212162594).jpg,GlacierNPS,Public domain,,https://commons.wikimedia.org/wiki/File:Beaver_(43212162594).jpg,https://upload.wikimedia.org/wikipedia/commons/9/93/Beaver_%2843212162594%29.jpg?utm_source=commons.wikimedia.org&utm_campaign=imageinfo&utm_content=original,4480,2987,224,224,a2b7f822db6a641cd6346a0271c5a69943a081189f7dd29019c3076f5930e224
beaver/beaver_009.jpg,beaver,File:Beaver (48876665228).jpg,GrandTetonNPS,Public domain,,https://commons.wikimedia.org/wiki/File:Beaver_(48876665228).jpg,https://upload.wikimedia.org/wikipedia/commons/d/db/Beaver_%2848876665228%29.jpg?utm_source=commons.wikimedia.org&utm_campaign=imageinfo&utm_content=original,7952,5304,224,224,82ac3a35a5b334d2256c6541484a558f29266125e1f775ece50c2d22437517a2
beaver/beaver_010.jpg,beaver,File:Beaver - Flickr - GregTheBusker (1).jpg,"Greg Schechter from San Francisco, USA",CC BY 2.0,https://creativecommons.org/licenses/by/2.0,https://commons.wikimedia.org/wiki/File:Beaver_-_Flickr_-_GregTheBusker_(1).jpg,https://upload.wikimedia.org/wikipedia/commons/e/ec/Beaver_-_Flickr_-_GregTheBusker_%281%29.jpg?utm_source=commons.wikimedia.org&utm_campaign=imageinfo&utm_content=original,2873,1799,224,224,8072db6865da708161394f72707808d76e8ae9012e20d77ab947e6e6c5d48b16
beaver/beaver_011.jpg,beaver,File:Beaver (20378991212).jpg,"Mike's Birds from Riverside, CA, US",CC BY-SA 2.0,https://creativecommons.org/licenses/by-sa/2.0,https://commons.wikimedia.org/wiki/File:Beaver_(20378991212).jpg,https://upload.wikimedia.org/wikipedia/commons/f/f3/Beaver_%2820378991212%29.jpg?utm_source=commons.wikimedia.org&utm_campaign=imageinfo&utm_content=original,3886,2188,224,224,43017e507e2f9a0a1a15ae6ed0ffba6d92e2eeeeb92ef3a1df6bed390882a7c2
beaver/beaver_012.jpg,beaver,"File:Beaver, kobras.jpg",Monique Mich,CC BY-SA 4.0,https://creativecommons.org/licenses/by-sa/4.0,"https://commons.wikimedia.org/wiki/File:Beaver,_kobras.jpg",https://upload.wikimedia.org/wikipedia/commons/d/de/Beaver%2C_kobras.jpg?utm_source=commons.wikimedia.org&utm_campaign=imageinfo&utm_content=original,2246,2063,224,224,6ea0b85d2e533228b9a5b454e31d7d6bc9793f31116106e238e153a34994b378
beaver/beaver_013.jpg,beaver,File:A beaver in a bed of green grasses (0b6c0602-69dc-4fec-8ccb-2175b7c6bdc1).jpg,NPS Photo,Public domain,,https://commons.wikimedia.org/wiki/File:A_beaver_in_a_bed_of_green_grasses_(0b6c0602-69dc-4fec-8ccb-2175b7c6bdc1).jpg,https://upload.wikimedia.org/wikipedia/commons/8/82/A_beaver_in_a_bed_of_green_grasses_%280b6c0602-69dc-4fec-8ccb-2175b7c6bdc1%29.jpg?utm_source=commons.wikimedia.org&utm_campaign=imageinfo&utm_content=original,1280,960,224,224,e9e0ed431b026539828615f976ec2c69c6eab6e6e428ecb142b3b5cbe55aeea9
beaver/beaver_014.jpg,beaver,File:Baby beaver on Grey Owl's shoulder Grey Owl avec un bébé castor sur son épaule (7394413198).jpg,BiblioArchives / LibraryArchives,CC BY 2.0,https://creativecommons.org/licenses/by/2.0,https://commons.wikimedia.org/wiki/File:Baby_beaver_on_Grey_Owl%27s_shoulder_Grey_Owl_avec_un_b%C3%A9b%C3%A9_castor_sur_son_%C3%A9paule_(7394413198).jpg,https://upload.wikimedia.org/wikipedia/commons/9/9a/Baby_beaver_on_Grey_Owl%27s_shoulder_Grey_Owl_avec_un_b%C3%A9b%C3%A9_castor_sur_son_%C3%A9paule_%287394413198%29.jpg?utm_source=commons.wikimedia.org&utm_campaign=imageinfo&utm_content=original,1000,1256,224,224,38668fa8bcc80b54d2283e6b2d47a7c4d9eb74e93ee3d514864c7637a76b9437
beaver/beaver_015.jpg,beaver,File:Beaver Stgt 01.jpg,Gerbil,CC BY 4.0,https://creativecommons.org/licenses/by/4.0,https://commons.wikimedia.org/wiki/File:Beaver_Stgt_01.jpg,https://upload.wikimedia.org/wikipedia/commons/b/bf/Beaver_Stgt_01.jpg?utm_source=commons.wikimedia.org&utm_campaign=imageinfo&utm_content=original,3000,4000,224,224,47c9ab2c2c861fa95442237418475f0890a617f89e219d7af60087674677c582
beaver/beaver_016.jpg,beaver,File:Beaver 3 (22074022438).jpg,"KMW2700 from Edmonton, Canada",CC BY-SA 2.0,https://creativecommons.org/licenses/by-sa/2.0,https://commons.wikimedia.org/wiki/File:Beaver_3_(22074022438).jpg,https://upload.wikimedia.org/wikipedia/commons/a/a3/Beaver_3_%2822074022438%29.jpg?utm_source=commons.wikimedia.org&utm_campaign=imageinfo&utm_content=original,4288,3216,224,224,9addd578ffaf9fb72f6141762dd055da2fc79f2f83c8e3b03a281dcf7a813a29
beaver/beaver_017.jpg,beaver,File:Alberta Beaver.jpg,Kissmykumbaya,CC0,http://creativecommons.org/publicdomain/zero/1.0/deed.en,https://commons.wikimedia.org/wiki/File:Alberta_Beaver.jpg,https://upload.wikimedia.org/wikipedia/commons/1/10/Alberta_Beaver.jpg?utm_source=commons.wikimedia.org&utm_campaign=imageinfo&utm_content=original,3450,2848,224,224,5fdc5849ae80693a47b753c101e7212a911093fbaf349a563bf96ab95d5f07d2
beaver/beaver_018.jpg,beaver,File:BeaverSwimming.JPG,ML5 at English Wikipedia,Public domain,,https://commons.wikimedia.org/wiki/File:BeaverSwimming.JPG,https://upload.wikimedia.org/wikipedia/commons/8/8c/BeaverSwimming.JPG?utm_source=commons.wikimedia.org&utm_campaign=imageinfo&utm_content=original,2560,1920,224,224,8f2f2cdcbcfbb2459e212c4621c6b8e7d16c70fddf6deced20b924915dbd2c8b
beaver/beaver_019.jpg,beaver,File:AmericanBeaver.JPG,Not specified in metadata,CC BY-SA 3.0,http://creativecommons.org/licenses/by-sa/3.0/,https://commons.wikimedia.org/wiki/File:AmericanBeaver.JPG,https://upload.wikimedia.org/wikipedia/commons/4/4c/AmericanBeaver.JPG?utm_source=commons.wikimedia.org&utm_campaign=imageinfo&utm_content=original,2288,1712,224,224,7929ff216deaccd05f9822971f525c8ddb09190af3ca5116cf6c9826adf76fbb
beaver/beaver_020.jpg,beaver,File:Beaver pho34.jpg,Per Harald Olsen,CC BY-SA 3.0,http://creativecommons.org/licenses/by-sa/3.0/,https://commons.wikimedia.org/wiki/File:Beaver_pho34.jpg,https://upload.wikimedia.org/wikipedia/commons/c/cc/Beaver_pho34.jpg?utm_source=commons.wikimedia.org&utm_campaign=imageinfo&utm_content=original,711,554,224,224,209146574ae9d42485f65fb33e08261bda8896219c01c520c272bd77832a200d
beaver/beaver_021.jpg,beaver,File:American Beaver.jpg,"Steve from Washington, DC, USA",CC BY-SA 2.0,https://creativecommons.org/licenses/by-sa/2.0,https://commons.wikimedia.org/wiki/File:American_Beaver.jpg,https://upload.wikimedia.org/wikipedia/commons/6/6b/American_Beaver.jpg?utm_source=commons.wikimedia.org&utm_campaign=imageinfo&utm_content=original,714,715,224,224,ce25928f48d7e8418dcdbff5937e62b9861ccfd1a0913e2e4f9f8673110f49ff
beaver/beaver_022.jpg,beaver,File:Beaver (5062232175).jpg,Superior National Forest,CC BY 2.0,https://creativecommons.org/licenses/by/2.0,https://commons.wikimedia.org/wiki/File:Beaver_(5062232175).jpg,https://upload.wikimedia.org/wikipedia/commons/9/9e/Beaver_%285062232175%29.jpg?utm_source=commons.wikimedia.org&utm_campaign=imageinfo&utm_content=original,2288,1712,224,224,4c6276b4705d6a8a7ab4640ed446e55df812fadcc7da0092dd900c5c3c1a3912
beaver/beaver_023.jpg,beaver,File:Beaver 2.jpg,Tom Smylie,Public domain,,https://commons.wikimedia.org/wiki/File:Beaver_2.jpg,https://upload.wikimedia.org/wikipedia/commons/d/d4/Beaver_2.jpg?utm_source=commons.wikimedia.org&utm_campaign=imageinfo&utm_content=original,800,538,224,224,d9b1ddad91884b2fab5e7767b3c03dcabdc3ae4c240605e6a1b37ea6a99ea5e4
beaver/beaver_024.jpg,beaver,File:Beaver - Apache-Sitgreaves National Forest - December 2017 01.jpg,US Forest Service,Public domain,,https://commons.wikimedia.org/wiki/File:Beaver_-_Apache-Sitgreaves_National_Forest_-_December_2017_01.jpg,https://upload.wikimedia.org/wikipedia/commons/1/12/Beaver_-_Apache-Sitgreaves_National_Forest_-_December_2017_01.jpg?utm_source=commons.wikimedia.org&utm_campaign=imageinfo&utm_content=original,1200,900,224,224,8a125cdf79833149ea511552b55842d879fdd71a3d0af7498bcea26c6f97a271
beaver/beaver_025.jpg,beaver,File:Bever - Nationaal Park Drentsche Aa.jpg,Andre Brasse,CC BY-SA 3.0 nl,https://creativecommons.org/licenses/by-sa/3.0/nl/deed.en,https://commons.wikimedia.org/wiki/File:Bever_-_Nationaal_Park_Drentsche_Aa.jpg,https://upload.wikimedia.org/wikipedia/commons/6/6c/Bever_-_Nationaal_Park_Drentsche_Aa.jpg?utm_source=commons.wikimedia.org&utm_campaign=imageinfo&utm_content=original,800,533,224,224,6d809d583624e0d4440f635679a41b95e7fdefe14a30316820280a6d03d837ae
beaver/beaver_026.jpg,beaver,File:Biber (Castor fiber) in der Lobau in Wien - panoramio.jpg,Martina Lion,CC BY-SA 3.0,https://creativecommons.org/licenses/by-sa/3.0,https://commons.wikimedia.org/wiki/File:Biber_(Castor_fiber)_in_der_Lobau_in_Wien_-_panoramio.jpg,https://upload.wikimedia.org/wikipedia/commons/5/5a/Biber_%28Castor_fiber%29_in_der_Lobau_in_Wien_-_panoramio.jpg?utm_source=commons.wikimedia.org&utm_campaign=imageinfo&utm_content=original,2985,1990,224,224,61c6880a2f50ae7046d3fd40dabc942cbcce0292bd2c30a0b98e538cdb2eacc8
beaver/beaver_027.jpg,beaver,File:Bóbr (Castor fiber) w stawie bieńczyckim - panoramio.jpg,R.Mendakiewicz,CC BY-SA 3.0,https://creativecommons.org/licenses/by-sa/3.0,https://commons.wikimedia.org/wiki/File:B%C3%B3br_(Castor_fiber)_w_stawie_bie%C5%84czyckim_-_panoramio.jpg,https://upload.wikimedia.org/wikipedia/commons/2/2a/B%C3%B3br_%28Castor_fiber%29_w_stawie_bie%C5%84czyckim_-_panoramio.jpg?utm_source=commons.wikimedia.org&utm_campaign=imageinfo&utm_content=original,1600,1200,224,224,dd1b2e0fbb34536682532f65be8fa8e1ffbf6e4d3f6aeb6a00dedd5f7f5d68de
beaver/beaver_028.jpg,beaver,File:Braunau am Inn — Auenpark (juveniler Biber).jpg,User:Mattes,CC BY-SA 3.0,https://creativecommons.org/licenses/by-sa/3.0,https://commons.wikimedia.org/wiki/File:Braunau_am_Inn_%E2%80%94_Auenpark_(juveniler_Biber).jpg,https://upload.wikimedia.org/wikipedia/commons/e/e8/Braunau_am_Inn_%E2%80%94_Auenpark_%28juveniler_Biber%29.jpg?utm_source=commons.wikimedia.org&utm_campaign=imageinfo&utm_content=original,1491,1112,224,224,54ca6d7938513f45a7c56dfe2f0b50d497a6bcdf38190448541219cd695d5269
beaver/beaver_029.jpg,beaver,File:Castor fiber 02.2025 (3).jpg,DidierFy,CC BY-SA 4.0,https://creativecommons.org/licenses/by-sa/4.0,https://commons.wikimedia.org/wiki/File:Castor_fiber_02.2025_(3).jpg,https://upload.wikimedia.org/wikipedia/commons/9/99/Castor_fiber_02.2025_%283%29.jpg?utm_source=commons.wikimedia.org&utm_campaign=imageinfo&utm_content=original,8192,6144,224,224,4acf0fc9a84cc6ebcbc76dce1cee5c2aa979a8d4e0cb41eb73b6bf489b98bee4
beaver/beaver_030.jpg,beaver,File:1998-07-21 Biber-Crossing im Fundy-National-Park (1).jpg,Eduard47,CC BY-SA 4.0,https://creativecommons.org/licenses/by-sa/4.0,https://commons.wikimedia.org/wiki/File:1998-07-21_Biber-Crossing_im_Fundy-National-Park_(1).jpg,https://upload.wikimedia.org/wikipedia/commons/0/01/1998-07-21_Biber-Crossing_im_Fundy-National-Park_%281%29.jpg?utm_source=commons.wikimedia.org&utm_campaign=imageinfo&utm_content=original,4236,2892,224,224,df58fbe75e1b6953d678d4d03a993e841160b10e61792b70f6852568fa92f052
beaver/beaver_031.jpg,beaver,File:Bóbr europejski (Castor fiber) - 01.jpg,Eryk Dominikowski,CC BY 4.0,https://creativecommons.org/licenses/by/4.0,https://commons.wikimedia.org/wiki/File:B%C3%B3br_europejski_(Castor_fiber)_-_01.jpg,https://upload.wikimedia.org/wikipedia/commons/d/d7/B%C3%B3br_europejski_%28Castor_fiber%29_-_01.jpg?utm_source=commons.wikimedia.org&utm_campaign=imageinfo&utm_content=original,3024,4032,224,224,723096171ff7cb39c9d1d09626d7b29a1cbec12a4f165f358cbfcedb930ee51e
beaver/beaver_032.jpg,beaver,"File:Castor fiber 01(js), Narew River, Poland.jpg",Jerzy Strzelecki,CC BY-SA 3.0,https://creativecommons.org/licenses/by-sa/3.0,"https://commons.wikimedia.org/wiki/File:Castor_fiber_01(js),_Narew_River,_Poland.jpg",https://upload.wikimedia.org/wikipedia/commons/1/15/Castor_fiber_01%28js%29%2C_Narew_River%2C_Poland.jpg?utm_source=commons.wikimedia.org&utm_campaign=imageinfo&utm_content=original,3076,2051,224,224,0f4411372a3800589c86b0eb4b54df7815d5c38ab5386628ddbc9e7818a88753
beaver/beaver_033.jpg,beaver,"File:Castor fiber09(js), Narew River (Poland).jpg",Jerzystrzelecki,CC BY 3.0,https://creativecommons.org/licenses/by/3.0,"https://commons.wikimedia.org/wiki/File:Castor_fiber09(js),_Narew_River_(Poland).jpg",https://upload.wikimedia.org/wikipedia/commons/4/4f/Castor_fiber09%28js%29%2C_Narew_River_%28Poland%29.jpg?utm_source=commons.wikimedia.org&utm_campaign=imageinfo&utm_content=original,3066,2044,224,224,05d0f408a010b9c3e580360da16e0c513e01d4241257c47b32246a95775931b4
beaver/beaver_034.jpg,beaver,File:20190423-205308-2 4k.png,KimBomstad,CC BY-SA 4.0,https://creativecommons.org/licenses/by-sa/4.0,https://commons.wikimedia.org/wiki/File:20190423-205308-2_4k.png,https://upload.wikimedia.org/wikipedia/commons/f/f0/20190423-205308-2_4k.png?utm_source=commons.wikimedia.org&utm_campaign=imageinfo&utm_content=original,960,1440,224,224,36d4edb5ff1ad7a3c83741e1c551efda145b8dfb400bbc14650ef0fbbe5e61e0
beaver/beaver_035.jpg,beaver,File:Castor dans l'Areuse à Boudry.jpg,Martouf,CC0,http://creativecommons.org/publicdomain/zero/1.0/deed.en,https://commons.wikimedia.org/wiki/File:Castor_dans_l%27Areuse_%C3%A0_Boudry.jpg,https://upload.wikimedia.org/wikipedia/commons/8/81/Castor_dans_l%27Areuse_%C3%A0_Boudry.jpg?utm_source=commons.wikimedia.org&utm_campaign=imageinfo&utm_content=original,3840,2160,224,224,e163f64cb38f84911e386bed93c60e6642b8d1ed63999a16097138514c50b2a7
beaver/beaver_036.jpg,beaver,File:10Castor canadiensis (10).jpg,Nanosanchez,CC BY-SA 4.0,https://creativecommons.org/licenses/by-sa/4.0,https://commons.wikimedia.org/wiki/File:10Castor_canadiensis_(10).jpg,https://upload.wikimedia.org/wikipedia/commons/e/e9/10Castor_canadiensis_%2810%29.jpg?utm_source=commons.wikimedia.org&utm_campaign=imageinfo&utm_content=original,2752,1835,224,224,dc0f9fcf4952fc23459fdf978fd1ba054f358d1cfba536b462ba0e362e516d7a
beaver/beaver_037.jpg,beaver,File:Bäver närbild.jpg,Tjustorparn,CC BY-SA 4.0,https://creativecommons.org/licenses/by-sa/4.0,https://commons.wikimedia.org/wiki/File:B%C3%A4ver_n%C3%A4rbild.jpg,https://upload.wikimedia.org/wikipedia/commons/2/2f/B%C3%A4ver_n%C3%A4rbild.jpg?utm_source=commons.wikimedia.org&utm_campaign=imageinfo&utm_content=original,4478,4478,224,224,2c2a92fdf2cdddb99d875512fc2150e6e6d87f13938615610757df18875c9fee
beaver/beaver_038.jpg,beaver,File:Castor fiber.jpg,Tocekas,CC BY-SA 3.0,https://creativecommons.org/licenses/by-sa/3.0,https://commons.wikimedia.org/wiki/File:Castor_fiber.jpg,https://upload.wikimedia.org/wikipedia/commons/2/20/Castor_fiber.jpg?utm_source=commons.wikimedia.org&utm_campaign=imageinfo&utm_content=original,800,600,224,224,a6ae18b26f7c058c08efc75b7dca968b7ebb7196b574f7af1ff2b89442617eda
beaver/beaver_039.jpg,beaver,File:Castor fiber (bóbr europejski).jpg,Tomek Goździewicz,CC BY-SA 3.0,https://creativecommons.org/licenses/by-sa/3.0,https://commons.wikimedia.org/wiki/File:Castor_fiber_(b%C3%B3br_europejski).jpg,https://upload.wikimedia.org/wikipedia/commons/e/e7/Castor_fiber_%28b%C3%B3br_europejski%29.jpg?utm_source=commons.wikimedia.org&utm_campaign=imageinfo&utm_content=original,3072,2048,224,224,16e8dc2c91b13cdec3f0f6ceaeba343db5679b8c37f89e9c782235db84954128
beaver/beaver_040.jpg,beaver,File:Beaver (Castor canadensis) Underwater (48920693051).jpg,GlacierNPS,Public domain,,https://commons.wikimedia.org/wiki/File:Beaver_(Castor_canadensis)_Underwater_(48920693051).jpg,https://upload.wikimedia.org/wikipedia/commons/2/2a/Beaver_%28Castor_canadensis%29_Underwater_%2848920693051%29.jpg?utm_source=commons.wikimedia.org&utm_campaign=imageinfo&utm_content=original,5472,3648,224,224,3876d69702bfb5dfa5f63d15937490639d9acdef3895985baabccb32bea28818
beaver/beaver_041.jpg,beaver,File:Beaver (48876668213).jpg,GrandTetonNPS,Public domain,,https://commons.wikimedia.org/wiki/File:Beaver_(48876668213).jpg,https://upload.wikimedia.org/wikipedia/commons/5/5d/Beaver_%2848876668213%29.jpg?utm_source=commons.wikimedia.org&utm_campaign=imageinfo&utm_content=original,7952,5304,224,224,e1d83086e0c80bcafe3e07ca52e6f07f9d205153b3e980cf2c5ed8a7e13ef89e
beaver/beaver_042.jpg,beaver,File:Beaver - Flickr - GregTheBusker (2).jpg,"Greg Schechter from San Francisco, USA",CC BY 2.0,https://creativecommons.org/licenses/by/2.0,https://commons.wikimedia.org/wiki/File:Beaver_-_Flickr_-_GregTheBusker_(2).jpg,https://upload.wikimedia.org/wikipedia/commons/2/23/Beaver_-_Flickr_-_GregTheBusker_%282%29.jpg?utm_source=commons.wikimedia.org&utm_campaign=imageinfo&utm_content=original,3935,2463,224,224,f0e1ea78bbdd02976fb42f353c3e609fa7cfdf4f433665cc3d8040f9047110be
beaver/beaver_043.jpg,beaver,File:Beaver Castor (7394416930).jpg,BiblioArchives / LibraryArchives,CC BY 2.0,https://creativecommons.org/licenses/by/2.0,https://commons.wikimedia.org/wiki/File:Beaver_Castor_(7394416930).jpg,https://upload.wikimedia.org/wikipedia/commons/2/25/Beaver_Castor_%287394416930%29.jpg?utm_source=commons.wikimedia.org&utm_campaign=imageinfo&utm_content=original,429,580,224,224,94e57fde0e0e42a9b935a599b242f16dfadbbda18591e339b4947fcf30d76ffe
beaver/beaver_044.jpg,beaver,File:Bever Drentsche Aa.jpg,Andre Brasse,CC BY-SA 3.0 nl,https://creativecommons.org/licenses/by-sa/3.0/nl/deed.en,https://commons.wikimedia.org/wiki/File:Bever_Drentsche_Aa.jpg,https://upload.wikimedia.org/wikipedia/commons/c/cf/Bever_Drentsche_Aa.jpg?utm_source=commons.wikimedia.org&utm_campaign=imageinfo&utm_content=original,1600,1067,224,224,ab17859e3d66983174e017562ce597ba32bca478eae573eadd6b53731bf8f7fe
beaver/beaver_045.jpg,beaver,"File:1998-07-21 Fundy-National-Park, Biber (2).jpg",Eduard47,CC BY-SA 4.0,https://creativecommons.org/licenses/by-sa/4.0,"https://commons.wikimedia.org/wiki/File:1998-07-21_Fundy-National-Park,_Biber_(2).jpg",https://upload.wikimedia.org/wikipedia/commons/1/12/1998-07-21_Fundy-National-Park%2C_Biber_%282%29.jpg?utm_source=commons.wikimedia.org&utm_campaign=imageinfo&utm_content=original,4236,2880,224,224,2e4f70a6f8a2a313fd997458260bd5b4eb5eee540430775c21f5b56178e1c487
beaver/beaver_046.jpg,beaver,File:Bóbr europejski (Castor fiber) - 02.jpg,Eryk Dominikowski,CC BY 4.0,https://creativecommons.org/licenses/by/4.0,https://commons.wikimedia.org/wiki/File:B%C3%B3br_europejski_(Castor_fiber)_-_02.jpg,https://upload.wikimedia.org/wikipedia/commons/8/8d/B%C3%B3br_europejski_%28Castor_fiber%29_-_02.jpg?utm_source=commons.wikimedia.org&utm_campaign=imageinfo&utm_content=original,3024,4032,224,224,a4cf8cc215ae99ca5725744da3b1dd6563a663ab34289a5425c65cd43d70fa93
beaver/beaver_047.jpg,beaver,"File:Castor fiber 02(js), Narew River, Poland.jpg",Jerzy Strzelecki,CC BY-SA 3.0,https://creativecommons.org/licenses/by-sa/3.0,"https://commons.wikimedia.org/wiki/File:Castor_fiber_02(js),_Narew_River,_Poland.jpg",https://upload.wikimedia.org/wikipedia/commons/5/54/Castor_fiber_02%28js%29%2C_Narew_River%2C_Poland.jpg?utm_source=commons.wikimedia.org&utm_campaign=imageinfo&utm_content=original,3518,2345,224,224,857ebe9564efa159da75e33f5c0674968a9bf465e30c78bcbfc13bb5ffc08c5d
beaver/beaver_048.jpg,beaver,"File:Castor fiber10(js), Narew River (Poland).jpg",Jerzystrzelecki,CC BY 3.0,https://creativecommons.org/licenses/by/3.0,"https://commons.wikimedia.org/wiki/File:Castor_fiber10(js),_Narew_River_(Poland).jpg",https://upload.wikimedia.org/wikipedia/commons/4/46/Castor_fiber10%28js%29%2C_Narew_River_%28Poland%29.jpg?utm_source=commons.wikimedia.org&utm_campaign=imageinfo&utm_content=original,2833,1889,224,224,fad3c0a715e3bc0ec1659aa6b8db4a809105eb9819f165a423ba3ec6379b97b1
beaver/beaver_049.jpg,beaver,File:10Castor canadiensis (18).jpg,Nanosanchez,CC BY-SA 4.0,https://creativecommons.org/licenses/by-sa/4.0,https://commons.wikimedia.org/wiki/File:10Castor_canadiensis_(18).jpg,https://upload.wikimedia.org/wikipedia/commons/d/d0/10Castor_canadiensis_%2818%29.jpg?utm_source=commons.wikimedia.org&utm_campaign=imageinfo&utm_content=original,3000,2000,224,224,37e1c68274ca457df81b62712288ffdc0e5a69fd0d4bb5b7dc4982c273c4c1a6
beaver/beaver_050.jpg,beaver,File:Beaver - Castor canadensis (51361587496).jpg,GlacierNPS,Public domain,,https://commons.wikimedia.org/wiki/File:Beaver_-_Castor_canadensis_(51361587496).jpg,https://upload.wikimedia.org/wikipedia/commons/9/99/Beaver_-_Castor_canadensis_%2851361587496%29.jpg?utm_source=commons.wikimedia.org&utm_campaign=imageinfo&utm_content=original,5600,3733,224,224,c67f504ecea1020c0dee7cc1ea415aceeccafd1a95f7e52b3b69e34f7dd5e577
